month,predicted_revenue
2018-09,1346361.2796103898
2018-10,1400815.49352908
2018-11,1455269.7074477696
